[{"name":"Calculator","category":"office","icon":"icon.png","title":{"en_EN":"Calculator","nb_NO":"Kalkulator","fr_FR":"Calculatrice","pt_BR":"Calculadora"},"description":{"en_EN":"Calculator","nb_NO":"Kalulator","fr_FR":"Calculatrice","pt_BR":"Aplicativo para fazer calculos matématicos"},"files":["main.js","main.css"]},{"name":"Draw","category":"graphics","icon":"icon.png","title":{"en_EN":"Draw","sv_SE":"Rita","nb_NO":"Tegne","fr_FR":"Dessiner","pt_BR":"Draw"},"description":{"en_EN":"Draw","sv_SE":"Rita","nb_NO":"Tegne og bildemanipulasjon","fr_FR":"Dessiner","pt_BR":"Aplicação para desenhar"},"mimes":["image/jpeg","image/jpg","image/png"],"files":["main.js","main.css"]},{"name":"FileManager","category":"utilities","icon":"icon.png","title":{"en_EN":"File Manager","nb_NO":"Filbehandler","fr_FR":"Gestionnaire de fichiers","de_DE":"Dateimanager","vi_VN":"Quản lý tập tin","pt_BR":"Gerenciador de arquivos"},"description":{"en_EN":"File Manager","nb_NO":"Behandle filer","fr_FR":"Gestionnaire de fichiers","de_DE":"Dateimanager","vi_VN":"Ứng dụng quản lý tập tin","pt_BR":"Gerenciador de arquivos"},"files":["main.js","main.css"]},{"type":"sounds","name":"FreedesktopSounds","title":{"en_EN":"Freedesktop Sounds","fr_FR":"Sons Freedesktop","sl_SI":"Zvoki Freedesktop","pt_BR":"Sons grátuitos de desktop"},"description":{"en_EN":"Freedesktop Sounds","fr_FR":"Sons Freedesktop","sl_SI":"Zvoki Freedesktop","pt_BR":"Sons grátuitos de desktop"}},{"type":"icons","name":"GnomeIcons","title":{"en_EN":"Gnome Icons","fr_FR":"Icônes du bureau Gnome","sl_SI":"Ikone Gnome","pt_BR":"Ícones Gnome"},"description":{"en_EN":"Gnome Icons","fr_FR":"Icônes du bureau Gnome","sl_SI":"Ikone Gnome","pt_BR":"Ícones Gnome"},"files":["main.css"]},{"name":"HTMLViewer","category":"office","icon":"icon.png","title":{"en_EN":"HTML Viewer","nb_NO":"HTML Fremviser","fr_FR":"Visualiseur de fichier HTML","de_DE":"HTML-Viewer","pt_BR":"Visualizador de HTML"},"description":{"en_EN":"View HTML files","nb_NO":"Vis HTML filer","fr_FR":"Visualiseur de fichier HTML","de_DE":"HTML-Viewer","pt_BR":"Visualize arquivos HTML"},"mimes":["^text/html?"],"files":["main.js"]},{"name":"MusicPlayer","category":"multimedia","icon":"icon.png","server":"server.js","title":{"en_EN":"Music Player","nb_NO":"Musikkavspiller","fr_FR":"Lecteur de musique","de_DE":"Musikplayer","pt_BR":"Music Player"},"description":{"en_EN":"Play music files","nb_NO":"Spill av musikkfiler","fr_FR":"Lecteur de musique","de_DE":"Musikplayer","pt_BR":"Toque suas músicas"},"mimes":["^audio/(.*)"],"files":["main.js"]},{"name":"Preview","category":"graphics","icon":"icon.png","title":{"en_EN":"Preview","nb_NO":"Forhåndsvisning","fr_FR":"Outil de prévisualisation","pt_BR":"Preview"},"description":{"en_EN":"See images and videos","nb_NO":"Se bilder og videoer","fr_FR":"Outil de prévisualisation","pt_BR":"Visualize as imagens e/ou vídeos"},"mimes":["^image/(.*)","^video/(.*)"],"files":["main.js"]},{"type":"application","name":"Settings","category":"utilities","singleton":true,"server":null,"title":{"en_EN":"Settings","nb_NO":"Instillinger","fr_FR":"Paramètres","pt_BR":"Configurações","sv_SE":"Inställningar"},"description":{"en_EN":"Application to configure OS.js","nb_NO":"Applikasjon for å konfigurere OS.js","fr_FR":"Paramètres","pt_BR":"Aplicativo para configurar seu ambiente no OS.js","sv_SE":"Program för att konfigurera OS.js"},"files":["main.js"]},{"type":"theme","name":"StandardTheme","title":{"en_EN":"Standard Theme","fr_FR":"Thème Standard","de_DE":"Standard-Thema","sl_SI":"Standardna Tema","pt_BR":"Tema padrão"},"description":{"en_EN":"Standard Theme","fr_FR":"Thème Standard","de_DE":"Standard-Thema","sl_SI":"Standardna Tema","pt_BR":"Tema padrão"},"files":["main.js","main.css"]},{"name":"Textpad","category":"utilities","icon":"icon.png","title":{"en_EN":"Textpad","nb_NO":"Tekstblokk","fr_FR":"Bloc-notes","pt_BR":"Bloco de Notas"},"description":{"en_EN":"Edit text files","nb_NO":"Redigèr tekstfiler","fr_FR":"Bloc-notes","pt_BR":"Editor de arquivos de texto"},"mimes":["^text/(.*)","application/json","application/java","application/javascript","application/postscript","application/ecmascript","application/x-httpd-php-source","application/x-httpd-php","application/x-php","application/x-lua","application/x-python","application/x-python-code","application/x-python-code","application/x-java-class","application/x-javascript","application/x-lisp","application/x-bsh","application/x-sh"],"files":["main.js"]}]
